Ordem do indicador,Indicador,Localidade,Região,Valor,Q1,Mediana,Q3,IQR,Fator IQR,Limite inferior de Tukey,Limite superior de Tukey,MAD,Escore robusto,Limite do escore robusto,Sinalizada por Tukey,Sinalizada por MAD,Sinalizada,Concordância,Direção,Magnitude do escore robusto
1,Indígenas 2022 Total,Amazonas,Norte,490935.0,18255.5,30466.0,57761.0,39505.5,1.5,-41002.75,117019.25,19132.0,16.233620153828117,3.5,True,True,True,Ambos os critérios,Superior,16.233620153828117
1,Indígenas 2022 Total,Bahia,Nordeste,229443.0,18255.5,30466.0,57761.0,39505.5,1.5,-41002.75,117019.25,19132.0,7.014841471083303,3.5,True,True,True,Ambos os critérios,Superior,7.014841471083303
1,Indígenas 2022 Total,Mato Grosso do Sul,Centro-Oeste,116469.0,18255.5,30466.0,57761.0,39505.5,1.5,-41002.75,117019.25,19132.0,3.031995713261218,3.5,False,False,False,Não sinalizada,Não sinalizada,3.031995713261218
1,Indígenas 2022 Total,Pernambuco,Nordeste,106646.0,18255.5,30466.0,57761.0,39505.5,1.5,-41002.75,117019.25,19132.0,2.6856904228485003,3.5,False,False,False,Não sinalizada,Não sinalizada,2.6856904228485003
1,Indígenas 2022 Total,Roraima,Norte,97668.0,18255.5,30466.0,57761.0,39505.5,1.5,-41002.75,117019.25,19132.0,2.3691752139178908,3.5,False,False,False,Não sinalizada,Não sinalizada,2.3691752139178908
1,Indígenas 2022 Total,Pará,Norte,80980.0,18255.5,30466.0,57761.0,39505.5,1.5,-41002.75,117019.25,19132.0,1.7808475455469823,3.5,False,False,False,Não sinalizada,Não sinalizada,1.7808475455469823
1,Indígenas 2022 Total,Mato Grosso,Centro-Oeste,58356.0,18255.5,30466.0,57761.0,39505.5,1.5,-41002.75,117019.25,19132.0,0.9832489615810537,3.5,False,False,False,Não sinalizada,Não sinalizada,0.9832489615810537
1,Indígenas 2022 Total,Maranhão,Nordeste,57166.0,18255.5,30466.0,57761.0,39505.5,1.5,-41002.75,117019.25,19132.0,0.941296065766014,3.5,False,False,False,Não sinalizada,Não sinalizada,0.941296065766014
1,Indígenas 2022 Total,Ceará,Nordeste,56372.0,18255.5,30466.0,57761.0,39505.5,1.5,-41002.75,117019.25,19132.0,0.9133039655331222,3.5,False,False,False,Não sinalizada,Não sinalizada,0.9133039655331222
1,Indígenas 2022 Total,Sergipe,Nordeste,4710.0,18255.5,30466.0,57761.0,39505.5,1.5,-41002.75,117019.25,19132.0,-0.9080157853883694,3.5,False,False,False,Não sinalizada,Não sinalizada,0.9080157853883694
1,Indígenas 2022 Total,São Paulo,Sudeste,55331.0,18255.5,30466.0,57761.0,39505.5,1.5,-41002.75,117019.25,19132.0,0.8766039953285371,3.5,False,False,False,Não sinalizada,Não sinalizada,0.8766039953285371
1,Indígenas 2022 Total,Distrito Federal,Centro-Oeste,5811.0,18255.5,30466.0,57761.0,39505.5,1.5,-41002.75,117019.25,19132.0,-0.869200543125883,3.5,False,False,False,Não sinalizada,Não sinalizada,0.869200543125883
1,Indígenas 2022 Total,Piauí,Nordeste,7202.0,18255.5,30466.0,57761.0,39505.5,1.5,-41002.75,117019.25,19132.0,-0.8201614859168747,3.5,False,False,False,Não sinalizada,Não sinalizada,0.8201614859168747
1,Indígenas 2022 Total,Amapá,Norte,11334.0,18255.5,30466.0,57761.0,39505.5,1.5,-41002.75,117019.25,19132.0,-0.6744897501960817,3.5,False,False,False,Não sinalizada,Não sinalizada,0.6744897501960817
1,Indígenas 2022 Total,Rio Grande do Norte,Nordeste,11724.0,18255.5,30466.0,57761.0,39505.5,1.5,-41002.75,117019.25,19132.0,-0.6607404818197242,3.5,False,False,False,Não sinalizada,Não sinalizada,0.6607404818197242
1,Indígenas 2022 Total,Espírito Santo,Sudeste,14410.0,18255.5,30466.0,57761.0,39505.5,1.5,-41002.75,117019.25,19132.0,-0.5660468026943491,3.5,False,False,False,Não sinalizada,Não sinalizada,0.5660468026943491
1,Indígenas 2022 Total,Rio de Janeiro,Sudeste,16994.0,18255.5,30466.0,57761.0,39505.5,1.5,-41002.75,117019.25,19132.0,-0.47494908606740605,3.5,False,False,False,Não sinalizada,Não sinalizada,0.47494908606740605
1,Indígenas 2022 Total,Goiás,Centro-Oeste,19517.0,18255.5,30466.0,57761.0,39505.5,1.5,-41002.75,117019.25,19132.0,-0.3860018960326625,3.5,False,False,False,Não sinalizada,Não sinalizada,0.3860018960326625
1,Indígenas 2022 Total,Tocantins,Norte,20023.0,18255.5,30466.0,57761.0,39505.5,1.5,-41002.75,117019.25,19132.0,-0.36816310167769606,3.5,False,False,False,Não sinalizada,Não sinalizada,0.36816310167769606
1,Indígenas 2022 Total,Rondônia,Norte,21146.0,18255.5,30466.0,57761.0,39505.5,1.5,-41002.75,117019.25,19132.0,-0.3285722596606461,3.5,False,False,False,Não sinalizada,Não sinalizada,0.3285722596606461
1,Indígenas 2022 Total,Santa Catarina,Sul,21773.0,18255.5,30466.0,57761.0,39505.5,1.5,-41002.75,117019.25,19132.0,-0.30646766665557906,3.5,False,False,False,Não sinalizada,Não sinalizada,0.30646766665557906
1,Indígenas 2022 Total,Minas Gerais,Sudeste,36699.0,18255.5,30466.0,57761.0,39505.5,1.5,-41002.75,117019.25,19132.0,0.21974151228163166,3.5,False,False,False,Não sinalizada,Não sinalizada,0.21974151228163166
1,Indígenas 2022 Total,Rio Grande do Sul,Sul,36102.0,18255.5,30466.0,57761.0,39505.5,1.5,-41002.75,117019.25,19132.0,0.1986945553055152,3.5,False,False,False,Não sinalizada,Não sinalizada,0.1986945553055152
1,Indígenas 2022 Total,Alagoas,Nordeste,25725.0,18255.5,30466.0,57761.0,39505.5,1.5,-41002.75,117019.25,19132.0,-0.1671417471084896,3.5,False,False,False,Não sinalizada,Não sinalizada,0.1671417471084896
1,Indígenas 2022 Total,Acre,Norte,31694.0,18255.5,30466.0,57761.0,39505.5,1.5,-41002.75,117019.25,19132.0,0.04329256811837698,3.5,False,False,False,Não sinalizada,Não sinalizada,0.04329256811837698
1,Indígenas 2022 Total,Paraíba,Nordeste,30140.0,18255.5,30466.0,57761.0,39505.5,1.5,-41002.75,117019.25,19132.0,-0.011492978181262943,3.5,False,False,False,Não sinalizada,Não sinalizada,0.011492978181262943
1,Indígenas 2022 Total,Paraná,Sul,30466.0,18255.5,30466.0,57761.0,39505.5,1.5,-41002.75,117019.25,19132.0,0.0,3.5,False,False,False,Não sinalizada,Não sinalizada,0.0
2,Crescimento relativo (%),Rio Grande do Norte,Nordeste,351.4439738159415,17.70012591111046,51.2093476144109,77.57438313589995,59.87425722478949,1.5,-72.11125992607377,167.38576897308417,31.66286982382176,6.395667201162173,3.5,True,True,True,Ambos os critérios,Superior,6.395667201162173
2,Crescimento relativo (%),Bahia,Nordeste,281.64171656686625,17.70012591111046,51.2093476144109,77.57438313589995,59.87425722478949,1.5,-72.11125992607377,167.38576897308417,31.66286982382176,4.9087234302084175,3.5,True,True,True,Ambos os critérios,Superior,4.9087234302084175
2,Crescimento relativo (%),Ceará,Nordeste,172.36797603517417,17.70012591111046,51.2093476144109,77.57438313589995,59.87425722478949,1.5,-72.11125992607377,167.38576897308417,31.66286982382176,2.5809490255408796,3.5,True,False,True,Somente Tukey,Superior,2.5809490255408796
2,Crescimento relativo (%),Amazonas,Norte,167.51909936026678,17.70012591111046,51.2093476144109,77.57438313589995,59.87425722478949,1.5,-72.11125992607377,167.38576897308417,31.66286982382176,2.477657137111698,3.5,True,False,True,Somente Tukey,Superior,2.477657137111698
2,Crescimento relativo (%),Piauí,Nordeste,144.63315217391303,17.70012591111046,51.2093476144109,77.57438313589995,59.87425722478949,1.5,-72.11125992607377,167.38576897308417,31.66286982382176,1.99013541571957,3.5,False,False,False,Não sinalizada,Não sinalizada,1.99013541571957
2,Crescimento relativo (%),Goiás,Centro-Oeste,127.39135500407784,17.70012591111046,51.2093476144109,77.57438313589995,59.87425722478949,1.5,-72.11125992607377,167.38576897308417,31.66286982382176,1.6228466787629414,3.5,False,False,False,Não sinalizada,Não sinalizada,1.6228466787629414
2,Crescimento relativo (%),Sergipe,Nordeste,-9.787397050373492,17.70012591111046,51.2093476144109,77.57438313589995,59.87425722478949,1.5,-72.11125992607377,167.38576897308417,31.66286982382176,-1.2993667125135764,3.5,False,False,False,Não sinalizada,Não sinalizada,1.2993667125135764
2,Crescimento relativo (%),Distrito Federal,Centro-Oeste,-5.172976501305484,17.70012591111046,51.2093476144109,77.57438313589995,59.87425722478949,1.5,-72.11125992607377,167.38576897308417,31.66286982382176,-1.201069262511147,3.5,False,False,False,Não sinalizada,Não sinalizada,1.201069262511147
2,Crescimento relativo (%),Rio Grande do Sul,Sul,6.179230022646393,17.70012591111046,51.2093476144109,77.57438313589995,59.87425722478949,1.5,-72.11125992607377,167.38576897308417,31.66286982382176,-0.9592419428424203,3.5,False,False,False,Não sinalizada,Não sinalizada,0.9592419428424203
2,Crescimento relativo (%),Rio de Janeiro,Sudeste,6.920850635459922,17.70012591111046,51.2093476144109,77.57438313589995,59.87425722478949,1.5,-72.11125992607377,167.38576897308417,31.66286982382176,-0.9434437696300692,3.5,False,False,False,Não sinalizada,Não sinalizada,0.9434437696300692
2,Crescimento relativo (%),Mato Grosso,Centro-Oeste,12.88300835654596,17.70012591111046,51.2093476144109,77.57438313589995,59.87425722478949,1.5,-72.11125992607377,167.38576897308417,31.66286982382176,-0.816436511781969,3.5,False,False,False,Não sinalizada,Não sinalizada,0.816436511781969
2,Crescimento relativo (%),Paraná,Sul,14.710644226062728,17.70012591111046,51.2093476144109,77.57438313589995,59.87425722478949,1.5,-72.11125992607377,167.38576897308417,31.66286982382176,-0.7775037912819366,3.5,False,False,False,Não sinalizada,Não sinalizada,0.7775037912819366
2,Crescimento relativo (%),Minas Gerais,Sudeste,15.853774031631785,17.70012591111046,51.2093476144109,77.57438313589995,59.87425722478949,1.5,-72.11125992607377,167.38576897308417,31.66286982382176,-0.7531525767113646,3.5,False,False,False,Não sinalizada,Não sinalizada,0.7531525767113646
2,Crescimento relativo (%),Santa Catarina,Sul,19.54647779058914,17.70012591111046,51.2093476144109,77.57438313589995,59.87425722478949,1.5,-72.11125992607377,167.38576897308417,31.66286982382176,-0.6744897501960817,3.5,False,False,False,Não sinalizada,Não sinalizada,0.6744897501960817
2,Crescimento relativo (%),Paraíba,Nordeste,20.35299285229405,17.70012591111046,51.2093476144109,77.57438313589995,59.87425722478949,1.5,-72.11125992607377,167.38576897308417,31.66286982382176,-0.6573091804774944,3.5,False,False,False,Não sinalizada,Não sinalizada,0.6573091804774944
2,Crescimento relativo (%),Acre,Norte,80.30492661281147,17.70012591111046,51.2093476144109,77.57438313589995,59.87425722478949,1.5,-72.11125992607377,167.38576897308417,31.66286982382176,0.6198007293601926,3.5,False,False,False,Não sinalizada,Não sinalizada,0.6198007293601926
2,Crescimento relativo (%),Pernambuco,Nordeste,74.84383965898844,17.70012591111046,51.2093476144109,77.57438313589995,59.87425722478949,1.5,-72.11125992607377,167.38576897308417,31.66286982382176,0.5034673964760107,3.5,False,False,False,Não sinalizada,Não sinalizada,0.5034673964760107
2,Crescimento relativo (%),Roraima,Norte,74.65040592253496,17.70012591111046,51.2093476144109,77.57438313589995,59.87425722478949,1.5,-72.11125992607377,167.38576897308417,31.66286982382176,0.4993468264422153,3.5,False,False,False,Não sinalizada,Não sinalizada,0.4993468264422153
2,Crescimento relativo (%),São Paulo,Sudeste,31.800100045258567,17.70012591111046,51.2093476144109,77.57438313589995,59.87425722478949,1.5,-72.11125992607377,167.38576897308417,31.66286982382176,-0.4134602648861005,3.5,False,False,False,Não sinalizada,Não sinalizada,0.4134602648861005
2,Crescimento relativo (%),Rondônia,Norte,61.71612113796267,17.70012591111046,51.2093476144109,77.57438313589995,59.87425722478949,1.5,-72.11125992607377,167.38576897308417,31.66286982382176,0.22381771105080017,3.5,False,False,False,Não sinalizada,Não sinalizada,0.22381771105080017
2,Crescimento relativo (%),Tocantins,Norte,41.82603768239128,17.70012591111046,51.2093476144109,77.57438313589995,59.87425722478949,1.5,-72.11125992607377,167.38576897308417,31.66286982382176,-0.1998854307040325,3.5,False,False,False,Não sinalizada,Não sinalizada,0.1998854307040325
2,Crescimento relativo (%),Pará,Norte,58.11156451959311,17.70012591111046,51.2093476144109,77.57438313589995,59.87425722478949,1.5,-72.11125992607377,167.38576897308417,31.66286982382176,0.1470326152392208,3.5,False,False,False,Não sinalizada,Não sinalizada,0.1470326152392208
2,Crescimento relativo (%),Alagoas,Nordeste,57.909275059848994,17.70012591111046,51.2093476144109,77.57438313589995,59.87425722478949,1.5,-72.11125992607377,167.38576897308417,31.66286982382176,0.14272339854694688,3.5,False,False,False,Não sinalizada,Não sinalizada,0.14272339854694688
2,Crescimento relativo (%),Maranhão,Nordeste,47.21742937343875,17.70012591111046,51.2093476144109,77.57438313589995,59.87425722478949,1.5,-72.11125992607377,167.38576897308417,31.66286982382176,-0.085036762369871,3.5,False,False,False,Não sinalizada,Não sinalizada,0.085036762369871
2,Crescimento relativo (%),Amapá,Norte,52.934826609094586,17.70012591111046,51.2093476144109,77.57438313589995,59.87425722478949,1.5,-72.11125992607377,167.38576897308417,31.66286982382176,0.036756551208670864,3.5,False,False,False,Não sinalizada,Não sinalizada,0.036756551208670864
2,Crescimento relativo (%),Espírito Santo,Sudeste,50.33907146583203,17.70012591111046,51.2093476144109,77.57438313589995,59.87425722478949,1.5,-72.11125992607377,167.38576897308417,31.66286982382176,-0.018538823085927147,3.5,False,False,False,Não sinalizada,Não sinalizada,0.018538823085927147
2,Crescimento relativo (%),Mato Grosso do Sul,Centro-Oeste,51.2093476144109,17.70012591111046,51.2093476144109,77.57438313589995,59.87425722478949,1.5,-72.11125992607377,167.38576897308417,31.66286982382176,0.0,3.5,False,False,False,Não sinalizada,Não sinalizada,0.0
3,Urbanização 2022 (%),Goiás,Centro-Oeste,95.52185274376184,33.615479976364966,51.666203832268806,61.69756756373525,28.08208758737028,1.5,-8.507651404690456,103.82069894479068,15.724451091196073,1.8811585541171343,3.5,False,False,False,Não sinalizada,Não sinalizada,1.8811585541171343
3,Urbanização 2022 (%),Rio de Janeiro,Sudeste,94.5863245851477,33.615479976364966,51.666203832268806,61.69756756373525,28.08208758737028,1.5,-8.507651404690456,103.82069894479068,15.724451091196073,1.8410297031737555,3.5,False,False,False,Não sinalizada,Não sinalizada,1.8410297031737555
3,Urbanização 2022 (%),Distrito Federal,Centro-Oeste,91.84305627258648,33.615479976364966,51.666203832268806,61.69756756373525,28.08208758737028,1.5,-8.507651404690456,103.82069894479068,15.724451091196073,1.723359054568654,3.5,False,False,False,Não sinalizada,Não sinalizada,1.723359054568654
3,Urbanização 2022 (%),São Paulo,Sudeste,87.50609965480473,33.615479976364966,51.666203832268806,61.69756756373525,28.08208758737028,1.5,-8.507651404690456,103.82069894479068,15.724451091196073,1.5373282183395498,3.5,False,False,False,Não sinalizada,Não sinalizada,1.5373282183395498
3,Urbanização 2022 (%),Mato Grosso,Centro-Oeste,17.336692028240456,33.615479976364966,51.666203832268806,61.69756756373525,28.08208758737028,1.5,-8.507651404690456,103.82069894479068,15.724451091196073,-1.47254131204724,3.5,False,False,False,Não sinalizada,Não sinalizada,1.47254131204724
3,Urbanização 2022 (%),Maranhão,Nordeste,20.45971381590456,33.615479976364966,51.666203832268806,61.69756756373525,28.08208758737028,1.5,-8.507651404690456,103.82069894479068,15.724451091196073,-1.3385813936245323,3.5,False,False,False,Não sinalizada,Não sinalizada,1.3385813936245323
3,Urbanização 2022 (%),Sergipe,Nordeste,82.50530785562633,33.615479976364966,51.666203832268806,61.69756756373525,28.08208758737028,1.5,-8.507651404690456,103.82069894479068,15.724451091196073,1.3228226186306387,3.5,False,False,False,Não sinalizada,Não sinalizada,1.3228226186306387
3,Urbanização 2022 (%),Tocantins,Norte,20.95090645757379,33.615479976364966,51.666203832268806,61.69756756373525,28.08208758737028,1.5,-8.507651404690456,103.82069894479068,15.724451091196073,-1.3175120157329807,3.5,False,False,False,Não sinalizada,Não sinalizada,1.3175120157329807
3,Urbanização 2022 (%),Roraima,Norte,22.191505918007945,33.615479976364966,51.666203832268806,61.69756756373525,28.08208758737028,1.5,-8.507651404690456,103.82069894479068,15.724451091196073,-1.264297336549036,3.5,False,False,False,Não sinalizada,Não sinalizada,1.264297336549036
3,Urbanização 2022 (%),Bahia,Nordeste,78.46611140893381,33.615479976364966,51.666203832268806,61.69756756373525,28.08208758737028,1.5,-8.507651404690456,103.82069894479068,15.724451091196073,1.1495640046083093,3.5,False,False,False,Não sinalizada,Não sinalizada,1.1495640046083093
3,Urbanização 2022 (%),Amapá,Norte,25.22498676548438,33.615479976364966,51.666203832268806,61.69756756373525,28.08208758737028,1.5,-8.507651404690456,103.82069894479068,15.724451091196073,-1.134178216512818,3.5,False,False,False,Não sinalizada,Não sinalizada,1.134178216512818
3,Urbanização 2022 (%),Acre,Norte,27.920111062030667,33.615479976364966,51.666203832268806,61.69756756373525,28.08208758737028,1.5,-8.507651404690456,103.82069894479068,15.724451091196073,-1.0185726730835356,3.5,False,False,False,Não sinalizada,Não sinalizada,1.0185726730835356
3,Urbanização 2022 (%),Pará,Norte,31.2892072116572,33.615479976364966,51.666203832268806,61.69756756373525,28.08208758737028,1.5,-8.507651404690456,103.82069894479068,15.724451091196073,-0.8740575604624992,3.5,False,False,False,Não sinalizada,Não sinalizada,0.8740575604624992
3,Urbanização 2022 (%),Mato Grosso do Sul,Centro-Oeste,35.94175274107273,33.615479976364966,51.666203832268806,61.69756756373525,28.08208758737028,1.5,-8.507651404690456,103.82069894479068,15.724451091196073,-0.6744897501960817,3.5,False,False,False,Não sinalizada,Não sinalizada,0.6744897501960817
3,Urbanização 2022 (%),Rondônia,Norte,38.276742646363374,33.615479976364966,51.666203832268806,61.69756756373525,28.08208758737028,1.5,-8.507651404690456,103.82069894479068,15.724451091196073,-0.574331929182435,3.5,False,False,False,Não sinalizada,Não sinalizada,0.574331929182435
3,Urbanização 2022 (%),Rio Grande do Sul,Sul,39.4798072128968,33.615479976364966,51.666203832268806,61.69756756373525,28.08208758737028,1.5,-8.507651404690456,103.82069894479068,15.724451091196073,-0.5227272840190047,3.5,False,False,False,Não sinalizada,Não sinalizada,0.5227272840190047
3,Urbanização 2022 (%),Paraná,Sul,40.46149806341495,33.615479976364966,51.666203832268806,61.69756756373525,28.08208758737028,1.5,-8.507651404690456,103.82069894479068,15.724451091196073,-0.48061831546451633,3.5,False,False,False,Não sinalizada,Não sinalizada,0.48061831546451633
3,Urbanização 2022 (%),Amazonas,Norte,62.30274883640401,33.615479976364966,51.666203832268806,61.69756756373525,28.08208758737028,1.5,-8.507651404690456,103.82069894479068,15.724451091196073,0.45624744171866843,3.5,False,False,False,Não sinalizada,Não sinalizada,0.45624744171866843
3,Urbanização 2022 (%),Ceará,Nordeste,61.09238629106649,33.615479976364966,51.666203832268806,61.69756756373525,28.08208758737028,1.5,-8.507651404690456,103.82069894479068,15.724451091196073,0.40432975466449356,3.5,False,False,False,Não sinalizada,Não sinalizada,0.40432975466449356
3,Urbanização 2022 (%),Espírito Santo,Sudeste,60.52047189451769,33.615479976364966,51.666203832268806,61.69756756373525,28.08208758737028,1.5,-8.507651404690456,103.82069894479068,15.724451091196073,0.37979787140672316,3.5,False,False,False,Não sinalizada,Não sinalizada,0.37979787140672316
3,Urbanização 2022 (%),Minas Gerais,Sudeste,60.31499495899071,33.615479976364966,51.666203832268806,61.69756756373525,28.08208758737028,1.5,-8.507651404690456,103.82069894479068,15.724451091196073,0.3709840765015232,3.5,False,False,False,Não sinalizada,Não sinalizada,0.3709840765015232
3,Urbanização 2022 (%),Rio Grande do Norte,Nordeste,45.9740702831798,33.615479976364966,51.666203832268806,61.69756756373525,28.08208758737028,1.5,-8.507651404690456,103.82069894479068,15.724451091196073,-0.2441602389387919,3.5,False,False,False,Não sinalizada,Não sinalizada,0.2441602389387919
3,Urbanização 2022 (%),Alagoas,Nordeste,57.23615160349854,33.615479976364966,51.666203832268806,61.69756756373525,28.08208758737028,1.5,-8.507651404690456,103.82069894479068,15.724451091196073,0.23891916220372186,3.5,False,False,False,Não sinalizada,Não sinalizada,0.23891916220372186
3,Urbanização 2022 (%),Paraíba,Nordeste,56.3735899137359,33.615479976364966,51.666203832268806,61.69756756373525,28.08208758737028,1.5,-8.507651404690456,103.82069894479068,15.724451091196073,0.20192015885011982,3.5,False,False,False,Não sinalizada,Não sinalizada,0.20192015885011982
3,Urbanização 2022 (%),Santa Catarina,Sul,47.51756762963304,33.615479976364966,51.666203832268806,61.69756756373525,28.08208758737028,1.5,-8.507651404690456,103.82069894479068,15.724451091196073,-0.17795295872279462,3.5,False,False,False,Não sinalizada,Não sinalizada,0.17795295872279462
3,Urbanização 2022 (%),Pernambuco,Nordeste,55.09536222643136,33.615479976364966,51.666203832268806,61.69756756373525,28.08208758737028,1.5,-8.507651404690456,103.82069894479068,15.724451091196073,0.1470914421907218,3.5,False,False,False,Não sinalizada,Não sinalizada,0.1470914421907218
3,Urbanização 2022 (%),Piauí,Nordeste,51.666203832268806,33.615479976364966,51.666203832268806,61.69756756373525,28.08208758737028,1.5,-8.507651404690456,103.82069894479068,15.724451091196073,0.0,3.5,False,False,False,Não sinalizada,Não sinalizada,0.0
4,Mudança na urbanização (p.p.),Amazonas,Norte,43.60335805422935,-2.48873092415807,2.6285995000229185,10.903047334250592,13.391778258408662,1.5,-22.57639831177106,30.990714721863583,5.441930063650336,5.078539109896808,3.5,True,True,True,Ambos os critérios,Superior,5.078539109896808
4,Mudança na urbanização (p.p.),Rio Grande do Norte,Nordeste,-34.11834404104046,-2.48873092415807,2.6285995000229185,10.903047334250592,13.391778258408662,1.5,-22.57639831177106,30.990714721863583,5.441930063650336,-4.55453055801599,3.5,True,True,True,Ambos os critérios,Inferior,4.55453055801599
4,Mudança na urbanização (p.p.),Piauí,Nordeste,-28.39493747207902,-2.48873092415807,2.6285995000229185,10.903047334250592,13.391778258408662,1.5,-22.57639831177106,30.990714721863583,5.441930063650336,-3.8451537336508586,3.5,True,True,True,Ambos os critérios,Inferior,3.8451537336508586
4,Mudança na urbanização (p.p.),Alagoas,Nordeste,18.975762431563112,-2.48873092415807,2.6285995000229185,10.903047334250592,13.391778258408662,1.5,-22.57639831177106,30.990714721863583,5.441930063650336,2.026118254579916,3.5,False,False,False,Não sinalizada,Não sinalizada,2.026118254579916
4,Mudança na urbanização (p.p.),Mato Grosso do Sul,Centro-Oeste,16.60517370829117,-2.48873092415807,2.6285995000229185,10.903047334250592,13.391778258408662,1.5,-22.57639831177106,30.990714721863583,5.441930063650336,1.732300109716657,3.5,False,False,False,Não sinalizada,Não sinalizada,1.732300109716657
4,Mudança na urbanização (p.p.),Rondônia,Norte,16.05282095777359,-2.48873092415807,2.6285995000229185,10.903047334250592,13.391778258408662,1.5,-22.57639831177106,30.990714721863583,5.441930063650336,1.6638397906094289,3.5,False,False,False,Não sinalizada,Não sinalizada,1.6638397906094289
4,Mudança na urbanização (p.p.),Bahia,Nordeste,15.16271819536096,-2.48873092415807,2.6285995000229185,10.903047334250592,13.391778258408662,1.5,-22.57639831177106,30.990714721863583,5.441930063650336,1.5535176837748135,3.5,False,False,False,Não sinalizada,Não sinalizada,1.5535176837748135
4,Mudança na urbanização (p.p.),Acre,Norte,13.157339415654516,-2.48873092415807,2.6285995000229185,10.903047334250592,13.391778258408662,1.5,-22.57639831177106,30.990714721863583,5.441930063650336,1.304964796039718,3.5,False,False,False,Não sinalizada,Não sinalizada,1.304964796039718
4,Mudança na urbanização (p.p.),Paraná,Sul,-6.637413793206157,-2.48873092415807,2.6285995000229185,10.903047334250592,13.391778258408662,1.5,-22.57639831177106,30.990714721863583,5.441930063650336,-1.1484585281993485,3.5,False,False,False,Não sinalizada,Não sinalizada,1.1484585281993485
4,Mudança na urbanização (p.p.),Pará,Norte,11.830824252873985,-2.48873092415807,2.6285995000229185,10.903047334250592,13.391778258408662,1.5,-22.57639831177106,30.990714721863583,5.441930063650336,1.1405523779618947,3.5,False,False,False,Não sinalizada,Não sinalizada,1.1405523779618947
4,Mudança na urbanização (p.p.),Espírito Santo,Sudeste,-5.791473854047787,-2.48873092415807,2.6285995000229185,10.903047334250592,13.391778258408662,1.5,-22.57639831177106,30.990714721863583,5.441930063650336,-1.0436100991364645,3.5,False,False,False,Não sinalizada,Não sinalizada,1.0436100991364645
4,Mudança na urbanização (p.p.),Distrito Federal,Centro-Oeste,-5.105377147779052,-2.48873092415807,2.6285995000229185,10.903047334250592,13.391778258408662,1.5,-22.57639831177106,30.990714721863583,5.441930063650336,-0.9585731378729198,3.5,False,False,False,Não sinalizada,Não sinalizada,0.9585731378729198
4,Mudança na urbanização (p.p.),Pernambuco,Nordeste,9.9752704156272,-2.48873092415807,2.6285995000229185,10.903047334250592,13.391778258408662,1.5,-22.57639831177106,30.990714721863583,5.441930063650336,0.9105692599281342,3.5,False,False,False,Não sinalizada,Não sinalizada,0.9105692599281342
4,Mudança na urbanização (p.p.),São Paulo,Sudeste,-2.8133305636274173,-2.48873092415807,2.6285995000229185,10.903047334250592,13.391778258408662,1.5,-22.57639831177106,30.990714721863583,5.441930063650336,-0.6744897501960817,3.5,False,False,False,Não sinalizada,Não sinalizada,0.6744897501960817
4,Mudança na urbanização (p.p.),Sergipe,Nordeste,-2.650792508288632,-2.48873092415807,2.6285995000229185,10.903047334250592,13.391778258408662,1.5,-22.57639831177106,30.990714721863583,5.441930063650336,-0.6543442777147105,3.5,False,False,False,Não sinalizada,Não sinalizada,0.6543442777147105
4,Mudança na urbanização (p.p.),Minas Gerais,Sudeste,-2.326669340027508,-2.48873092415807,2.6285995000229185,10.903047334250592,13.391778258408662,1.5,-22.57639831177106,30.990714721863583,5.441930063650336,-0.6141714434011133,3.5,False,False,False,Não sinalizada,Não sinalizada,0.6141714434011133
4,Mudança na urbanização (p.p.),Rio Grande do Sul,Sul,-2.254259432201877,-2.48873092415807,2.6285995000229185,10.903047334250592,13.391778258408662,1.5,-22.57639831177106,30.990714721863583,5.441930063650336,-0.6051967340480369,3.5,False,False,False,Não sinalizada,Não sinalizada,0.6051967340480369
4,Mudança na urbanização (p.p.),Roraima,Norte,7.451332104481962,-2.48873092415807,2.6285995000229185,10.903047334250592,13.391778258408662,1.5,-22.57639831177106,30.990714721863583,5.441930063650336,0.5977444898404501,3.5,False,False,False,Não sinalizada,Não sinalizada,0.5977444898404501
4,Mudança na urbanização (p.p.),Ceará,Nordeste,-2.0133778293374363,-2.48873092415807,2.6285995000229185,10.903047334250592,13.391778258408662,1.5,-22.57639831177106,30.990714721863583,5.441930063650336,-0.5753411184406056,3.5,False,False,False,Não sinalizada,Não sinalizada,0.5753411184406056
4,Mudança na urbanização (p.p.),Amapá,Norte,6.8738870488469495,-2.48873092415807,2.6285995000229185,10.903047334250592,13.391778258408662,1.5,-22.57639831177106,30.990714721863583,5.441930063650336,0.5261741523367068,3.5,False,False,False,Não sinalizada,Não sinalizada,0.5261741523367068
4,Mudança na urbanização (p.p.),Rio de Janeiro,Sudeste,-0.7704138066982864,-2.48873092415807,2.6285995000229185,10.903047334250592,13.391778258408662,1.5,-22.57639831177106,30.990714721863583,5.441930063650336,-0.42128428872636303,3.5,False,False,False,Não sinalizada,Não sinalizada,0.42128428872636303
4,Mudança na urbanização (p.p.),Tocantins,Norte,5.516708979177416,-2.48873092415807,2.6285995000229185,10.903047334250592,13.391778258408662,1.5,-22.57639831177106,30.990714721863583,5.441930063650336,0.35796127814019973,3.5,False,False,False,Não sinalizada,Não sinalizada,0.35796127814019973
4,Mudança na urbanização (p.p.),Mato Grosso,Centro-Oeste,5.167471972530152,-2.48873092415807,2.6285995000229185,10.903047334250592,13.391778258408662,1.5,-22.57639831177106,30.990714721863583,5.441930063650336,0.3146757565297413,3.5,False,False,False,Não sinalizada,Não sinalizada,0.3146757565297413
4,Mudança na urbanização (p.p.),Santa Catarina,Sul,5.014959602399742,-2.48873092415807,2.6285995000229185,10.903047334250592,13.391778258408662,1.5,-22.57639831177106,30.990714721863583,5.441930063650336,0.2957728986782254,3.5,False,False,False,Não sinalizada,Não sinalizada,0.2957728986782254
4,Mudança na urbanização (p.p.),Paraíba,Nordeste,1.5838283037051468,-2.48873092415807,2.6285995000229185,10.903047334250592,13.391778258408662,1.5,-22.57639831177106,30.990714721863583,5.441930063650336,-0.1294921939411594,3.5,False,False,False,Não sinalizada,Não sinalizada,0.1294921939411594
4,Mudança na urbanização (p.p.),Goiás,Centro-Oeste,1.964821402738892,-2.48873092415807,2.6285995000229185,10.903047334250592,13.391778258408662,1.5,-22.57639831177106,30.990714721863583,5.441930063650336,-0.08227072339889972,3.5,False,False,False,Não sinalizada,Não sinalizada,0.08227072339889972
4,Mudança na urbanização (p.p.),Maranhão,Nordeste,2.6285995000229185,-2.48873092415807,2.6285995000229185,10.903047334250592,13.391778258408662,1.5,-22.57639831177106,30.990714721863583,5.441930063650336,0.0,3.5,False,False,False,Não sinalizada,Não sinalizada,0.0
5,Presença em TI 2022 (%),Mato Grosso,Centro-Oeste,77.41277674960587,7.526968788901472,33.0717458241369,60.37895907582931,52.85199028692784,1.5,-71.75101664149028,139.65694450622107,25.898452254321747,1.1548014753416602,3.5,False,False,False,Não sinalizada,Não sinalizada,1.1548014753416602
5,Presença em TI 2022 (%),Tocantins,Norte,75.97762573041003,7.526968788901472,33.0717458241369,60.37895907582931,52.85199028692784,1.5,-71.75101664149028,139.65694450622107,25.898452254321747,1.117424930869991,3.5,False,False,False,Não sinalizada,Não sinalizada,1.117424930869991
5,Presença em TI 2022 (%),Roraima,Norte,73.46725641970758,7.526968788901472,33.0717458241369,60.37895907582931,52.85199028692784,1.5,-71.75101664149028,139.65694450622107,25.898452254321747,1.0520457972967463,3.5,False,False,False,Não sinalizada,Não sinalizada,1.0520457972967463
5,Presença em TI 2022 (%),Maranhão,Nordeste,72.90522338452926,7.526968788901472,33.0717458241369,60.37895907582931,52.85199028692784,1.5,-71.75101664149028,139.65694450622107,25.898452254321747,1.0374084159668986,3.5,False,False,False,Não sinalizada,Não sinalizada,1.0374084159668986
5,Presença em TI 2022 (%),Amapá,Norte,69.28710075877889,7.526968788901472,33.0717458241369,60.37895907582931,52.85199028692784,1.5,-71.75101664149028,139.65694450622107,25.898452254321747,0.9431793631240234,3.5,False,False,False,Não sinalizada,Não sinalizada,0.9431793631240234
5,Presença em TI 2022 (%),Distrito Federal,Centro-Oeste,0.0,7.526968788901472,33.0717458241369,60.37895907582931,52.85199028692784,1.5,-71.75101664149028,139.65694450622107,25.898452254321747,-0.8613083654737725,3.5,False,False,False,Não sinalizada,Não sinalizada,0.8613083654737725
5,Presença em TI 2022 (%),Rio Grande do Norte,Nordeste,0.0,7.526968788901472,33.0717458241369,60.37895907582931,52.85199028692784,1.5,-71.75101664149028,139.65694450622107,25.898452254321747,-0.8613083654737725,3.5,False,False,False,Não sinalizada,Não sinalizada,0.8613083654737725
5,Presença em TI 2022 (%),Piauí,Nordeste,1.5828936406553733,7.526968788901472,33.0717458241369,60.37895907582931,52.85199028692784,1.5,-71.75101664149028,139.65694450622107,25.898452254321747,-0.8200840665933463,3.5,False,False,False,Não sinalizada,Não sinalizada,0.8200840665933463
5,Presença em TI 2022 (%),Goiás,Centro-Oeste,1.7625659681303478,7.526968788901472,33.0717458241369,60.37895907582931,52.85199028692784,1.5,-71.75101664149028,139.65694450622107,25.898452254321747,-0.8154047466831953,3.5,False,False,False,Não sinalizada,Não sinalizada,0.8154047466831953
5,Presença em TI 2022 (%),Paraíba,Nordeste,63.185136031851364,7.526968788901472,33.0717458241369,60.37895907582931,52.85199028692784,1.5,-71.75101664149028,139.65694450622107,25.898452254321747,0.7842620415808471,3.5,False,False,False,Não sinalizada,Não sinalizada,0.7842620415808471
5,Presença em TI 2022 (%),Rio de Janeiro,Sudeste,3.2128986701188653,7.526968788901472,33.0717458241369,60.37895907582931,52.85199028692784,1.5,-71.75101664149028,139.65694450622107,25.898452254321747,-0.7776328160574104,3.5,False,False,False,Não sinalizada,Não sinalizada,0.7776328160574104
5,Presença em TI 2022 (%),Acre,Norte,61.78772007319997,7.526968788901472,33.0717458241369,60.37895907582931,52.85199028692784,1.5,-71.75101664149028,139.65694450622107,25.898452254321747,0.7478682551253838,3.5,False,False,False,Não sinalizada,Não sinalizada,0.7478682551253838
5,Presença em TI 2022 (%),Sergipe,Nordeste,6.985138004246284,7.526968788901472,33.0717458241369,60.37895907582931,52.85199028692784,1.5,-71.75101664149028,139.65694450622107,25.898452254321747,-0.6793900044341461,3.5,False,False,False,Não sinalizada,Não sinalizada,0.6793900044341461
5,Presença em TI 2022 (%),Mato Grosso do Sul,Centro-Oeste,58.970198078458644,7.526968788901472,33.0717458241369,60.37895907582931,52.85199028692784,1.5,-71.75101664149028,139.65694450622107,25.898452254321747,0.6744897501960817,3.5,False,False,False,Não sinalizada,Não sinalizada,0.6744897501960817
5,Presença em TI 2022 (%),Bahia,Nordeste,7.501209450713249,7.526968788901472,33.0717458241369,60.37895907582931,52.85199028692784,1.5,-71.75101664149028,139.65694450622107,25.898452254321747,-0.6659496297896441,3.5,False,False,False,Não sinalizada,Não sinalizada,0.6659496297896441
5,Presença em TI 2022 (%),São Paulo,Sudeste,7.552728127089696,7.526968788901472,33.0717458241369,60.37895907582931,52.85199028692784,1.5,-71.75101664149028,139.65694450622107,25.898452254321747,-0.6646078963602348,3.5,False,False,False,Não sinalizada,Não sinalizada,0.6646078963602348
5,Presença em TI 2022 (%),Rondônia,Norte,54.50203348150951,7.526968788901472,33.0717458241369,60.37895907582931,52.85199028692784,1.5,-71.75101664149028,139.65694450622107,25.898452254321747,0.558122517388635,3.5,False,False,False,Não sinalizada,Não sinalizada,0.558122517388635
5,Presença em TI 2022 (%),Pará,Norte,51.64114596196592,7.526968788901472,33.0717458241369,60.37895907582931,52.85199028692784,1.5,-71.75101664149028,139.65694450622107,25.898452254321747,0.48361461670611305,3.5,False,False,False,Não sinalizada,Não sinalizada,0.48361461670611305
5,Presença em TI 2022 (%),Santa Catarina,Sul,49.56597620906628,7.526968788901472,33.0717458241369,60.37895907582931,52.85199028692784,1.5,-71.75101664149028,139.65694450622107,25.898452254321747,0.4295696601000991,3.5,False,False,False,Não sinalizada,Não sinalizada,0.4295696601000991
5,Presença em TI 2022 (%),Ceará,Nordeste,18.66352089689917,7.526968788901472,33.0717458241369,60.37895907582931,52.85199028692784,1.5,-71.75101664149028,139.65694450622107,25.898452254321747,-0.37524250239007356,3.5,False,False,False,Não sinalizada,Não sinalizada,0.37524250239007356
5,Presença em TI 2022 (%),Paraná,Sul,45.601654303157616,7.526968788901472,33.0717458241369,60.37895907582931,52.85199028692784,1.5,-71.75101664149028,139.65694450622107,25.898452254321747,0.3263243207355822,3.5,False,False,False,Não sinalizada,Não sinalizada,0.3263243207355822
5,Presença em TI 2022 (%),Rio Grande do Sul,Sul,43.55437371890754,7.526968788901472,33.0717458241369,60.37895907582931,52.85199028692784,1.5,-71.75101664149028,139.65694450622107,25.898452254321747,0.2730056993642339,3.5,False,False,False,Não sinalizada,Não sinalizada,0.2730056993642339
5,Presença em TI 2022 (%),Alagoas,Nordeste,25.93586005830904,7.526968788901472,33.0717458241369,60.37895907582931,52.85199028692784,1.5,-71.75101664149028,139.65694450622107,25.898452254321747,-0.1858443802107068,3.5,False,False,False,Não sinalizada,Não sinalizada,0.1858443802107068
5,Presença em TI 2022 (%),Amazonas,Norte,30.366545469359487,7.526968788901472,33.0717458241369,60.37895907582931,52.85199028692784,1.5,-71.75101664149028,139.65694450622107,25.898452254321747,-0.07045324151444943,3.5,False,False,False,Não sinalizada,Não sinalizada,0.07045324151444943
5,Presença em TI 2022 (%),Pernambuco,Nordeste,32.175609024248445,7.526968788901472,33.0717458241369,60.37895907582931,52.85199028692784,1.5,-71.75101664149028,139.65694450622107,25.898452254321747,-0.02333865670283114,3.5,False,False,False,Não sinalizada,Não sinalizada,0.02333865670283114
5,Presença em TI 2022 (%),Espírito Santo,Sudeste,32.35947258848022,7.526968788901472,33.0717458241369,60.37895907582931,52.85199028692784,1.5,-71.75101664149028,139.65694450622107,25.898452254321747,-0.01855018176652838,3.5,False,False,False,Não sinalizada,Não sinalizada,0.01855018176652838
5,Presença em TI 2022 (%),Minas Gerais,Sudeste,33.0717458241369,7.526968788901472,33.0717458241369,60.37895907582931,52.85199028692784,1.5,-71.75101664149028,139.65694450622107,25.898452254321747,0.0,3.5,False,False,False,Não sinalizada,Não sinalizada,0.0
6,Mudança na presença em TI (p.p.),Amazonas,Norte,-40.2160803793496,-13.229961647396852,-4.846972554015295,0.5246875951439842,13.754649242540836,1.5,-33.8619355112081,21.156661458955238,5.8086237653573916,-4.107014271443384,3.5,True,True,True,Ambos os critérios,Inferior,4.107014271443384
6,Mudança na presença em TI (p.p.),Bahia,Nordeste,-20.471179105507638,-13.229961647396852,-4.846972554015295,0.5246875951439842,13.754649242540836,1.5,-33.8619355112081,21.156661458955238,5.8086237653573916,-1.8142623105973625,3.5,False,False,False,Não sinalizada,Não sinalizada,1.8142623105973625
6,Mudança na presença em TI (p.p.),Mato Grosso do Sul,Centro-Oeste,-20.42999666350824,-13.229961647396852,-4.846972554015295,0.5246875951439842,13.754649242540836,1.5,-33.8619355112081,21.156661458955238,5.8086237653573916,-1.8094802596092607,3.5,False,False,False,Não sinalizada,Não sinalizada,1.8094802596092607
6,Mudança na presença em TI (p.p.),Pernambuco,Nordeste,-20.018833143142317,-13.229961647396852,-4.846972554015295,0.5246875951439842,13.754649242540836,1.5,-33.8619355112081,21.156661458955238,5.8086237653573916,-1.761736492523618,3.5,False,False,False,Não sinalizada,Não sinalizada,1.761736492523618
6,Mudança na presença em TI (p.p.),Pará,Norte,-18.288760123904012,-13.229961647396852,-4.846972554015295,0.5246875951439842,13.754649242540836,1.5,-33.8619355112081,21.156661458955238,5.8086237653573916,-1.5608426894981045,3.5,False,False,False,Não sinalizada,Não sinalizada,1.5608426894981045
6,Mudança na presença em TI (p.p.),Rondônia,Norte,-15.98588331261714,-13.229961647396852,-4.846972554015295,0.5246875951439842,13.754649242540836,1.5,-33.8619355112081,21.156661458955238,5.8086237653573916,-1.293435663682298,3.5,False,False,False,Não sinalizada,Não sinalizada,1.293435663682298
6,Mudança na presença em TI (p.p.),Ceará,Nordeste,4.226645987492008,-13.229961647396852,-4.846972554015295,0.5246875951439842,13.754649242540836,1.5,-33.8619355112081,21.156661458955238,5.8086237653573916,1.0536166483936908,3.5,False,False,False,Não sinalizada,Não sinalizada,1.0536166483936908
6,Mudança na presença em TI (p.p.),Acre,Norte,-13.920551630065482,-13.229961647396852,-4.846972554015295,0.5246875951439842,13.754649242540836,1.5,-33.8619355112081,21.156661458955238,5.8086237653573916,-1.0536120657167287,3.5,False,False,False,Não sinalizada,Não sinalizada,1.0536120657167287
6,Mudança na presença em TI (p.p.),Alagoas,Nordeste,-12.539371664728222,-13.229961647396852,-4.846972554015295,0.5246875951439842,13.754649242540836,1.5,-33.8619355112081,21.156661458955238,5.8086237653573916,-0.8932312651298203,3.5,False,False,False,Não sinalizada,Não sinalizada,0.8932312651298203
6,Mudança na presença em TI (p.p.),Minas Gerais,Sudeste,2.506982746825283,-13.229961647396852,-4.846972554015295,0.5246875951439842,13.754649242540836,1.5,-33.8619355112081,21.156661458955238,5.8086237653573916,0.8539316151615003,3.5,False,False,False,Não sinalizada,Não sinalizada,0.8539316151615003
6,Mudança na presença em TI (p.p.),Piauí,Nordeste,1.5828936406553733,-13.229961647396852,-4.846972554015295,0.5246875951439842,13.754649242540836,1.5,-33.8619355112081,21.156661458955238,5.8086237653573916,0.7466276038229189,3.5,False,False,False,Não sinalizada,Não sinalizada,0.7466276038229189
6,Mudança na presença em TI (p.p.),Amapá,Norte,-11.079921235553854,-13.229961647396852,-4.846972554015295,0.5246875951439842,13.754649242540836,1.5,-33.8619355112081,21.156661458955238,5.8086237653573916,-0.7237618012495379,3.5,False,False,False,Não sinalizada,Não sinalizada,0.7237618012495379
6,Mudança na presença em TI (p.p.),Espírito Santo,Sudeste,1.008403209241827,-13.229961647396852,-4.846972554015295,0.5246875951439842,13.754649242540836,1.5,-33.8619355112081,21.156661458955238,5.8086237653573916,0.6799185306883945,3.5,False,False,False,Não sinalizada,Não sinalizada,0.6799185306883945
6,Mudança na presença em TI (p.p.),São Paulo,Sudeste,0.9616512113420965,-13.229961647396852,-4.846972554015295,0.5246875951439842,13.754649242540836,1.5,-33.8619355112081,21.156661458955238,5.8086237653573916,0.6744897501960817,3.5,False,False,False,Não sinalizada,Não sinalizada,0.6744897501960817
6,Mudança na presença em TI (p.p.),Sergipe,Nordeste,0.9326576365006414,-13.229961647396852,-4.846972554015295,0.5246875951439842,13.754649242540836,1.5,-33.8619355112081,21.156661458955238,5.8086237653573916,0.6711230544275013,3.5,False,False,False,Não sinalizada,Não sinalizada,0.6711230544275013
6,Mudança na presença em TI (p.p.),Paraná,Sul,0.6677335983117985,-13.229961647396852,-4.846972554015295,0.5246875951439842,13.754649242540836,1.5,-33.8619355112081,21.156661458955238,5.8086237653573916,0.6403604236293718,3.5,False,False,False,Não sinalizada,Não sinalizada,0.6403604236293718
6,Mudança na presença em TI (p.p.),Rio Grande do Sul,Sul,-10.167575635523214,-13.229961647396852,-4.846972554015295,0.5246875951439842,13.754649242540836,1.5,-33.8619355112081,21.156661458955238,5.8086237653573916,-0.6178214303948768,3.5,False,False,False,Não sinalizada,Não sinalizada,0.6178214303948768
6,Mudança na presença em TI (p.p.),Rio de Janeiro,Sudeste,0.38164159197617,-13.229961647396852,-4.846972554015295,0.5246875951439842,13.754649242540836,1.5,-33.8619355112081,21.156661458955238,5.8086237653573916,0.6071397962172017,3.5,False,False,False,Não sinalizada,Não sinalizada,0.6071397962172017
6,Mudança na presença em TI (p.p.),Paraíba,Nordeste,-9.873203623940675,-13.229961647396852,-4.846972554015295,0.5246875951439842,13.754649242540836,1.5,-33.8619355112081,21.156661458955238,5.8086237653573916,-0.5836393396660571,3.5,False,False,False,Não sinalizada,Não sinalizada,0.5836393396660571
6,Mudança na presença em TI (p.p.),Distrito Federal,Centro-Oeste,0.0,-13.229961647396852,-4.846972554015295,0.5246875951439842,13.754649242540836,1.5,-33.8619355112081,21.156661458955238,5.8086237653573916,0.5628240766191012,3.5,False,False,False,Não sinalizada,Não sinalizada,0.5628240766191012
6,Mudança na presença em TI (p.p.),Rio Grande do Norte,Nordeste,0.0,-13.229961647396852,-4.846972554015295,0.5246875951439842,13.754649242540836,1.5,-33.8619355112081,21.156661458955238,5.8086237653573916,0.5628240766191012,3.5,False,False,False,Não sinalizada,Não sinalizada,0.5628240766191012
6,Mudança na presença em TI (p.p.),Roraima,Norte,-9.693217096976369,-13.229961647396852,-4.846972554015295,0.5246875951439842,13.754649242540836,1.5,-33.8619355112081,21.156661458955238,5.8086237653573916,-0.5627395409332078,3.5,False,False,False,Não sinalizada,Não sinalizada,0.5627395409332078
6,Mudança na presença em TI (p.p.),Santa Catarina,Sul,-1.095639120643277,-13.229961647396852,-4.846972554015295,0.5246875951439842,13.754649242540836,1.5,-33.8619355112081,21.156661458955238,5.8086237653573916,0.43559990327960624,3.5,False,False,False,Não sinalizada,Não sinalizada,0.43559990327960624
6,Mudança na presença em TI (p.p.),Goiás,Centro-Oeste,-2.152149166437985,-13.229961647396852,-4.846972554015295,0.5246875951439842,13.754649242540836,1.5,-33.8619355112081,21.156661458955238,5.8086237653573916,0.3129193466359314,3.5,False,False,False,Não sinalizada,Não sinalizada,0.3129193466359314
6,Mudança na presença em TI (p.p.),Maranhão,Nordeste,-3.3766132923526158,-13.229961647396852,-4.846972554015295,0.5246875951439842,13.754649242540836,1.5,-33.8619355112081,21.156661458955238,5.8086237653573916,0.17073618315789404,3.5,False,False,False,Não sinalizada,Não sinalizada,0.17073618315789404
6,Mudança na presença em TI (p.p.),Tocantins,Norte,-5.90366057076578,-13.229961647396852,-4.846972554015295,0.5246875951439842,13.754649242540836,1.5,-33.8619355112081,21.156661458955238,5.8086237653573916,-0.12270122239693297,3.5,False,False,False,Não sinalizada,Não sinalizada,0.12270122239693297
6,Mudança na presença em TI (p.p.),Mato Grosso,Centro-Oeste,-4.846972554015295,-13.229961647396852,-4.846972554015295,0.5246875951439842,13.754649242540836,1.5,-33.8619355112081,21.156661458955238,5.8086237653573916,0.0,3.5,False,False,False,Não sinalizada,Não sinalizada,0.0
